<?xml version="1.0" encoding="UTF-8"?>
<project-private xmlns="http://www.netbeans.org/ns/project-private/1">
    <editor-bookmarks xmlns="http://www.netbeans.org/ns/editor-bookmarks/2" lastBookmarkId="0"/>
    <open-files xmlns="http://www.netbeans.org/ns/projectui-open-files/2">
        <group>
            <file>file:/C:/Users/chuckb23/Developement/Web/webroot/HW3/simple_mvc/core/router.php</file>
            <file>file:/C:/Users/chuckb23/Developement/Web/webroot/HW3/simple_mvc/controllers/HomeController.php</file>
            <file>file:/C:/Users/chuckb23/Developement/Web/webroot/HW3/simple_mvc/controllers/MovieController.php</file>
            <file>file:/C:/Users/chuckb23/Developement/Web/webroot/HW3/simple_mvc/core/View.php</file>
            <file>file:/C:/Users/chuckb23/Developement/Web/webroot/HW3/simple_mvc/models/MovieRepository.php</file>
            <file>file:/C:/Users/chuckb23/Developement/Web/webroot/HW3/simple_mvc/models/queries/DatabaseFactory.php</file>
            <file>file:/C:/Users/chuckb23/Developement/Web/webroot/HW3/simple_mvc/config.php</file>
            <file>file:/C:/Users/chuckb23/Developement/Web/webroot/HW3/simple_mvc/core/bootstrap.php</file>
            <file>file:/C:/Users/chuckb23/Developement/Web/webroot/HW3/simple_mvc/index.php</file>
        </group>
    </open-files>
</project-private>
